"Index","ColumnName"
"0","Name"
"1","Size"
"2","Item type"
"3","Date modified"
"4","Date created"
"5","Date accessed"
"6","Attributes"
"7","Offline status"
"8","Availability"
"9","Perceived type"
"10","Owner"
"11","Kind"
"12","Date taken"
"13","Contributing artists"
"14","Album"
"15","Year"
"16","Genre"
"17","Conductors"
"18","Tags"
"19","Rating"
"20","Authors"
"21","Title"
"22","Subject"
"23","Categories"
"24","Comments"
"25","Copyright"
"26","#"
"27","Length"
"28","Bit rate"
"29","Protected"
"30","Camera model"
"31","Dimensions"
"32","Camera maker"
"33","Company"
"34","File description"
"35","Masters keywords"
"36","Masters keywords"
"42","Program name"
"43","Duration"
"44","Is online"
"45","Is recurring"
"46","Location"
"47","Optional attendee addresses"
"48","Optional attendees"
"49","Organizer address"
"50","Organizer name"
"51","Reminder time"
"52","Required attendee addresses"
"53","Required attendees"
"54","Resources"
"55","Meeting status"
"56","Free/busy status"
"57","Total size"
"58","Account name"
"60","Task status"
"61","Computer"
"62","Anniversary"
"63","Assistant's name"
"64","Assistant's phone"
"65","Birthday"
"66","Business address"
"67","Business city"
"68","Business country/region"
"69","Business P.O. box"
"70","Business postal code"
"71","Business state or province"
"72","Business street"
"73","Business fax"
"74","Business home page"
"75","Business phone"
"76","Callback number"
"77","Car phone"
"78","Children"
"79","Company main phone"
"80","Department"
"81","E-mail address"
"82","E-mail2"
"83","E-mail3"
"84","E-mail list"
"85","E-mail display name"
"86","File as"
"87","First name"
"88","Full name"
"89","Gender"
"90","Given name"
"91","Hobbies"
"92","Home address"
"93","Home city"
"94","Home country/region"
"95","Home P.O. box"
"96","Home postal code"
"97","Home state or province"
"98","Home street"
"99","Home fax"
"100","Home phone"
"101","IM addresses"
"102","Initials"
"103","Job title"
"104","Label"
"105","Last name"
"106","Mailing address"
"107","Middle name"
"108","Cell phone"
"109","Nickname"
"110","Office location"
"111","Other address"
"112","Other city"
"113","Other country/region"
"114","Other P.O. box"
"115","Other postal code"
"116","Other state or province"
"117","Other street"
"118","Pager"
"119","Personal title"
"120","City"
"121","Country/region"
"122","P.O. box"
"123","Postal code"
"124","State or province"
"125","Street"
"126","Primary e-mail"
"127","Primary phone"
"128","Profession"
"129","Spouse/Partner"
"130","Suffix"
"131","TTY/TTD phone"
"132","Telex"
"133","Webpage"
"134","Content status"
"135","Content type"
"136","Date acquired"
"137","Date archived"
"138","Date completed"
"139","Device category"
"140","Connected"
"141","Discovery method"
"142","Friendly name"
"143","Local computer"
"144","Manufacturer"
"145","Model"
"146","Paired"
"147","Classification"
"148","Status"
"149","Status"
"150","Client ID"
"151","Contributors"
"152","Content created"
"153","Last printed"
"154","Date last saved"
"155","Division"
"156","Document ID"
"157","Pages"
"158","Slides"
"159","Total editing time"
"160","Word count"
"161","Due date"
"162","End date"
"163","File count"
"164","File extension"
"165","Filename"
"166","Action"
"167","Destination"
"168","Plan order"
"169","Planned location"
"170","Target"
"171","Operation"
"172","File version"
"173","Flag color"
"174","Flag status"
"175","Space free"
"178","Group"
"179","Sharing type"
"180","Bit depth"
"181","Horizontal resolution"
"182","Width"
"183","Vertical resolution"
"184","Height"
"185","Importance"
"186","Is attachment"
"187","Is deleted"
"188","Encryption status"
"189","Has flag"
"190","Is completed"
"191","Incomplete"
"192","Read status"
"193","Shared"
"194","Creators"
"195","Date"
"196","Folder name"
"197","File location"
"198","Folder"
"199","Folder path"
"200","Participants"
"201","Path"
"202","By location"
"203","Type"
"204","Contact names"
"205","Entry type"
"206","Language"
"207","Date visited"
"208","Description"
"209","Link status"
"210","Link target"
"211","URL"
"215","Media created"
"216","Date released"
"217","Encoded by"
"218","Episode number"
"219","Producers"
"220","Publisher"
"221","Season number"
"222","Subtitle"
"223","User web URL"
"224","Writers"
"226","Attachments"
"227","Bcc addresses"
"228","Bcc"
"229","Cc addresses"
"230","Cc"
"231","Conversation ID"
"232","Date received"
"233","Date sent"
"234","From addresses"
"235","From"
"236","Has attachments"
"237","Sender address"
"238","Sender name"
"239","Store"
"240","To addresses"
"241","To do title"
"242","To"
"243","Mileage"
"244","Album artist"
"245","Sort album artist"
"246","Album ID"
"247","Sort album"
"248","Sort contributing artists"
"249","Beats-per-minute"
"250","Composers"
"251","Sort composer"
"252","Disc"
"253","Initial key"
"254","Part of a compilation"
"255","Mood"
"256","Part of set"
"257","Period"
"258","Color"
"259","Parental rating"
"260","Parental rating reason"
"261","Space used"
"262","EXIF version"
"263","Event"
"264","Exposure bias"
"265","Exposure program"
"266","Exposure time"
"267","F-stop"
"268","Flash mode"
"269","Focal length"
"270","35mm focal length"
"271","ISO speed"
"272","Lens maker"
"273","Lens model"
"274","Light source"
"275","Max aperture"
"276","Metering mode"
"277","Orientation"
"278","People"
"279","Program mode"
"280","Saturation"
"281","Subject distance"
"282","White balance"
"283","Priority"
"284","Project"
"285","Channel number"
"286","Episode name"
"287","Closed captioning"
"288","Rerun"
"289","SAP"
"290","Broadcast date"
"291","Program description"
"292","Recording time"
"293","Station call sign"
"294","Station name"
"296","Summary"
"297","Search match kind"
"298","Snippets"
"299","Auto summary"
"300","Relevance"
"301","File ownership"
"302","Sensitivity"
"303","Shared with"
"304","Sharing status"
"306","Product name"
"307","Product version"
"308","Support link"
"309","Source"
"310","Start date"
"311","Sharing"
"312","Availability status"
"313","Status"
"314","Billing information"
"315","Complete"
"316","Task owner"
"317","Sort title"
"318","Total file size"
"319","Legal trademarks"
"320","Last change author email"
"321","Last change author name"
"322","Last change date"
"323","Last change ID"
"324","Last change message"
"325","Version status"
"326","Video compression"
"327","Directors"
"328","Data rate"
"329","Frame height"
"330","Frame rate"
"331","Frame width"
"332","Spherical"
"333","Stereo"
"334","Video orientation"
"335","Total bitrate"
"342","Description"
"345","SW Last saved with"
"350","SW Open Time"
"357","Categories"
"358","Category"
"359","Classification"
"360","Color"
"361","Color2"
"362","Company"
"363","Description"
"364","Language"
"365","Manufacturer"
"366","Material"
"367","Model"
"368","Number"
"369","Owner"
"370","Priority"
"371","Project"
"372","Status"
"373","Subject"
"374","Thickness"
"375","Weight"
